{"AK": {"LoanAmountSummary": {"sum": 15907777, "mean": 611837.5769230769, "median": 736835.0, "min": 3849, "max": 994712}, "SubjectAppraisedAmountSummary": {"sum": 30104447, "mean": 1157863.3461538462, "median": 1092718.5, "min": 469916, "max": 1926975}, "InterestRateSummary": {"sum": 83.21000000000001, "mean": 3.200384615384616, "median": 2.95, "min": 2.04, "max": 4.85}}, "AL": {"LoanAmountSummary": {"sum": 7394120, "mean": 389164.2105263158, "median": 333852.0, "min": 95078, "max": 956158}, "SubjectAppraisedAmountSummary": {"sum": 17733573, "mean": 933345.947368421, "median": 1064819.0, "min": 290953, "max": 1743768}, "InterestRateSummary": {"sum": 70.03, "mean": 3.6857894736842107, "median": 3.81, "min": 2.03, "max": 4.84}}, "AR": {"LoanAmountSummary": {"sum": 7715347, "mean": 482209.1875, "median": 449020.5, "min": 44185, "max": 909811}, "SubjectAppraisedAmountSummary": {"sum": 15793049, "mean": 987065.5625, "median": 1051584.5, "min": 330901, "max": 1566136}, "InterestRateSummary": {"sum": 58.589999999999996, "mean": 3.6618749999999998, "median": 4.0649999999999995, "min": 2.04, "max": 4.99}}, "AZ": {"LoanAmountSummary": {"sum": 12621426, "mean": 525892.75, "median": 575965.5, "min": 30996, "max": 977859}, "SubjectAppraisedAmountSummary": {"sum": 23839561, "mean": 993315.0416666666, "median": 965179.5, "min": 285356, "max": 1921993}, "InterestRateSummary": {"sum": 85.28000000000002, "mean": 3.553333333333334, "median": 3.5149999999999997, "min": 2.35, "max": 4.95}}, "CA": {"LoanAmountSummary": {"sum": 8111886, "mean": 506992.875, "median": 420334.0, "min": 70780, "max": 898820}, "SubjectAppraisedAmountSummary": {"sum": 16288783, "mean": 1018048.9375, "median": 1048224.5, "min": 136862, "max": 1798932}, "InterestRateSummary": {"sum": 62.89000000000001, "mean": 3.9306250000000005, "median": 4.16, "min": 2.49, "max": 4.99}}, "CO": {"LoanAmountSummary": {"sum": 8003487, "mean": 571677.6428571428, "median": 541223.5, "min": 7661, "max": 995891}, "SubjectAppraisedAmountSummary": {"sum": 15011868, "mean": 1072276.2857142857, "median": 1203851.5, "min": 310912, "max": 1817729}, "InterestRateSummary": {"sum": 45.07000000000001, "mean": 3.2192857142857148, "median": 2.9299999999999997, "min": 2.04, "max": 4.63}}, "CT": {"LoanAmountSummary": {"sum": 9942231, "mean": 451919.5909090909, "median": 478951.0, "min": 18299, "max": 997152}, "SubjectAppraisedAmountSummary": {"sum": 20051827, "mean": 911446.6818181818, "median": 926170.5, "min": 348086, "max": 1748852}, "InterestRateSummary": {"sum": 68.51000000000002, "mean": 3.11409090909091, "median": 3.215, "min": 2.11, "max": 4.45}}, "DE": {"LoanAmountSummary": {"sum": 7405935, "mean": 493729.0, "median": 440933.0, "min": 59441, "max": 968777}, "SubjectAppraisedAmountSummary": {"sum": 17517579, "mean": 1167838.6, "median": 1165582.0, "min": 708481, "max": 1819189}, "InterestRateSummary": {"sum": 48.34, "mean": 3.222666666666667, "median": 3.21, "min": 2.19, "max": 4.51}}, "FL": {"LoanAmountSummary": {"sum": 13073708, "mean": 522948.32, "median": 585828.0, "min": 63412, "max": 873032}, "SubjectAppraisedAmountSummary": {"sum": 25432995, "mean": 1017319.8, "median": 991384.0, "min": 270164, "max": 1665264}, "InterestRateSummary": {"sum": 93.86000000000001, "mean": 3.7544000000000004, "median": 3.76, "min": 2.0, "max": 4.88}}, "GA": {"LoanAmountSummary": {"sum": 10332941, "mean": 492044.8095238095, "median": 516466.0, "min": 71804, "max": 905574}, "SubjectAppraisedAmountSummary": {"sum": 20584504, "mean": 980214.4761904762, "median": 1018738.0, "min": 239571, "max": 1689452}, "InterestRateSummary": {"sum": 72.71000000000001, "mean": 3.462380952380953, "median": 3.7199999999999998, "min": 2.05, "max": 4.83}}, "HI": {"LoanAmountSummary": {"sum": 13107189, "mean": 451972.0344827586, "median": 392449.0, "min": 21153, "max": 980009}, "SubjectAppraisedAmountSummary": {"sum": 27435912, "mean": 946065.9310344828, "median": 880978.0, "min": 162819, "max": 1767574}, "InterestRateSummary": {"sum": 103.02, "mean": 3.5524137931034483, "median": 3.66, "min": 2.26, "max": 4.87}}, "IA": {"LoanAmountSummary": {"sum": 11363313, "mean": 473471.375, "median": 432024.5, "min": 26561, "max": 981518}, "SubjectAppraisedAmountSummary": {"sum": 24070581, "mean": 1002940.875, "median": 959466.0, "min": 351776, "max": 1872813}, "InterestRateSummary": {"sum": 85.48, "mean": 3.561666666666667, "median": 3.72, "min": 2.14, "max": 4.98}}, "ID": {"LoanAmountSummary": {"sum": 8372917, "mean": 465162.05555555556, "median": 427885.0, "min": 18094, "max": 878906}, "SubjectAppraisedAmountSummary": {"sum": 17818858, "mean": 989936.5555555555, "median": 1063188.5, "min": 191434, "max": 1713847}, "InterestRateSummary": {"sum": 59.27, "mean": 3.292777777777778, "median": 2.835, "min": 2.01, "max": 4.71}}, "IL": {"LoanAmountSummary": {"sum": 14679402, "mean": 587176.08, "median": 689896.0, "min": 2969, "max": 946438}, "SubjectAppraisedAmountSummary": {"sum": 27946335, "mean": 1117853.4, "median": 1128257.0, "min": 289026, "max": 1903992}, "InterestRateSummary": {"sum": 89.02999999999999, "mean": 3.5611999999999995, "median": 3.7199999999999998, "min": 2.0, "max": 4.98}}, "IN": {"LoanAmountSummary": {"sum": 8851985, "mean": 442599.25, "median": 430484.5, "min": 50481, "max": 891498}, "SubjectAppraisedAmountSummary": {"sum": 21455228, "mean": 1072761.4, "median": 1232293.0, "min": 170194, "max": 1689893}, "InterestRateSummary": {"sum": 71.4, "mean": 3.5700000000000003, "median": 3.4850000000000003, "min": 2.09, "max": 4.69}}, "KS": {"LoanAmountSummary": {"sum": 9439599, "mean": 524422.1666666666, "median": 516534.5, "min": 174833, "max": 899978}, "SubjectAppraisedAmountSummary": {"sum": 16493461, "mean": 916303.3888888889, "median": 891797.5, "min": 296183, "max": 1566514}, "InterestRateSummary": {"sum": 67.85000000000001, "mean": 3.769444444444445, "median": 4.015, "min": 2.06, "max": 4.87}}, "KY": {"LoanAmountSummary": {"sum": 16697323, "mean": 596332.9642857143, "median": 630808.0, "min": 174133, "max": 997139}, "SubjectAppraisedAmountSummary": {"sum": 27648243, "mean": 987437.25, "median": 997786.0, "min": 438734, "max": 1628985}, "InterestRateSummary": {"sum": 97.97999999999999, "mean": 3.499285714285714, "median": 3.58, "min": 2.05, "max": 4.97}}, "LA": {"LoanAmountSummary": {"sum": 8084563, "mean": 475562.5294117647, "median": 554468.0, "min": 47746, "max": 931961}, "SubjectAppraisedAmountSummary": {"sum": 17648455, "mean": 1038144.4117647059, "median": 980226.0, "min": 177456, "max": 1835540}, "InterestRateSummary": {"sum": 56.160000000000004, "mean": 3.303529411764706, "median": 2.92, "min": 2.16, "max": 4.85}}, "MA": {"LoanAmountSummary": {"sum": 9167761, "mean": 572985.0625, "median": 668145.5, "min": 19372, "max": 977846}, "SubjectAppraisedAmountSummary": {"sum": 17595967, "mean": 1099747.9375, "median": 1077670.0, "min": 258704, "max": 1947006}, "InterestRateSummary": {"sum": 53.830000000000005, "mean": 3.3643750000000003, "median": 3.1, "min": 2.02, "max": 4.99}}, "MD": {"LoanAmountSummary": {"sum": 10409026, "mean": 578279.2222222222, "median": 701022.0, "min": 23848, "max": 995130}, "SubjectAppraisedAmountSummary": {"sum": 19161166, "mean": 1064509.2222222222, "median": 1083573.0, "min": 249096, "max": 1765072}, "InterestRateSummary": {"sum": 59.49999999999999, "mean": 3.3055555555555554, "median": 3.25, "min": 2.24, "max": 4.95}}, "ME": {"LoanAmountSummary": {"sum": 11865501, "mean": 539340.9545454546, "median": 501088.0, "min": 53364, "max": 926184}, "SubjectAppraisedAmountSummary": {"sum": 21952902, "mean": 997859.1818181818, "median": 967756.5, "min": 314034, "max": 1620798}, "InterestRateSummary": {"sum": 69.74, "mean": 3.17, "median": 3.22, "min": 2.03, "max": 4.44}}, "MI": {"LoanAmountSummary": {"sum": 7563824, "mean": 398096.0, "median": 366054.0, "min": 22244, "max": 980424}, "SubjectAppraisedAmountSummary": {"sum": 16058353, "mean": 845176.4736842106, "median": 746886.0, "min": 170376, "max": 1775606},